"id","disposition","note","question"
"WX_wthr_info_radio","hide","","Radio"
"WX_exf_exp_d7_concern","hide","","If you received this forecast, how concerned would you feel about the possibility of severe weather at your location next Saturday (7 days from now)?"
"WX_exf_exp_d5_concern","hide","","If you received this forecast, how concerned would you feel about the possibility of severe weather at your location on Saturday (5 days from now)?"
"WX_exf_exp_d3_concern","hide","","If you received this forecast, how concerned would you feel about the possibility of severe weather at your location on Saturday (3 days from now)?"
"WX_exf_exp_d7_recall","hide","","First forecast (7 days out)"
"WX_exf_exp_d5_recall","hide","","Second forecast (5 days out)"
"WX_exf_exp_d3_recall","hide","","Third forecast (3 days out)"
"WX_exf_exp_surprise","hide","","Based on the forecasts you saw leading up to today, how surprised would you feel about this outcome?"
"WX_exf_exp_trust","hide","","If you were to experience a series of extended-range forecasts like this, how would it affect your level of trust in future extended-range severe weather forecasts?"
"WX_exf_ml","hide","","Imagine that the previous severe weather forecasts for your area were created from a machine learning algorithm and did not have any human influence. Now knowing this information, how would this have changed your level of trust in this series of forecasts?"
"WX_spc_word_def","hide","","Which definition do you think most closely aligns with a [spc_scale_level_disp] risk of severe weather? Note that the definitions are listed in random order."
"WX_cond_risk_trust","hide","","How would this influence your trust in future forecasts?"
"TC_ian_support_tax","hide","","If you were a Lee County resident that was not affected by the hurricane, would you support this tax increase?"
"WW_exp1_1_chal","hide","","This seems to be a challenging storm to forecast for."
"WW_exp1_2_chal","hide","","This seems to be a challenging storm to forecast for."
"WW_exp2_2_chal","hide","","This seems to be a challenging storm to forecast for."
"WW_exp1_1_conf","hide","","The weather forecasters seem confident in the amount of snow that will fall."
"WW_exp1_2_conf","hide","","The weather forecasters seem confident in the amount of snow that will fall."
"WW_exp2_2_conf","hide","","The weather forecasters seem confident in the amount of snow that will fall."
"WW_exp2_conf","hide","","The weather forecasters seem confident in the amount of snow that will fall."
"WW_exp1_1_confme","hide","","I feel confident about the amount of snow I'll get."
"WW_exp2_2_use","hide","","The forecast information is useful to me."
"WW_exp1_2_use","hide","","The forecast information is useful to me."
"WW_exp1_1_use","hide","","The forecast information is useful to me."
"WW_exp1_2_confme","hide","","I feel confident about the amount of snow I'll get."
"WW_exp2_2_confme","hide","","I feel confident about the amount of snow I'll get."
"WW_exp2_confme","hide","","I feel confident about the amount of snow I'll get."
"FL_resp_ef_infr_1","hide","","I think [rand_dev] helps people mitigate [rand_haz]."
"FL_resp_ef_infr_2","hide","","I think [rand_dev] keeps people safe from rand_haz."
"WX_spc_mar_col","hide","","BOX [color code: #00B050]"
"WX_spc_sli_col","hide","","BOX [color code: #FFFF00]"
"WX_spc_enh_col","hide","","BOX [color code: #FFA329]"
"WX_spc_mod_col","hide","","BOX [color code: #FF0000]"
"WX_spc_hig_col","hide","","BOX [color code: #FF00FF]"
"WX_tor_damage","hide","","If you had to guess, how intense are most tornadoes in [state]?"
"WX_free_download","hide","","If this technology were available as a free application (mobile app) for a smart phone (such as an Android or iPhone), would you download it?"
"WX_co_prev_exp","hide","graphic shown; Severe Weather Survey 2025: One such forecast is shown in a graphic called the Convective Outlook, which is used to...","One such forecast is shown in a graphic called the Convective Outlook, which is used to communicate the risks posed by severe weather (hail, strong winds, and tornadoes). This graphic uses words and colors on a map to indicate the probability of severe weather on a given day. Have you ever seen a Convective Outlook before?"
"WX_co_conf_ab","hide","graphic shown; Severe Weather Survey 2025: How confident are you in your ability to understand the Convective Outlook?","How confident are you in your ability to understand the Convective Outlook?"
"WX_co_verbal_prob","hide","graphic shown; Severe Weather Survey 2025: Now, you will see an example of a social media post with a Convective Outlook for a...","Now, you will see an example of a social media post with a Convective Outlook for a different day. On the Convective Outlook, there is a location marked with a star and labeled A. As you answer the following questions, imagine that you are at Location A on the day of this outlook. Based on this Convective Outlook would you say that Location A is..."
"WX_co_verbal_sig","hide","graphic shown; Severe Weather Survey 2025: Now, you will see an example of a social media post with a Convective Outlook for a...","Now, you will see an example of a social media post with a Convective Outlook for a different day. On the Convective Outlook, there is a location marked with a star and labeled A. As you answer the following questions, imagine that you are at Location A on the day of this outlook. If Location A were to experience severe weather, how significant do you think the impact might be?"
"WX_co_concern","hide","graphic shown; Severe Weather Survey 2025: Now, you will see an example of a social media post with a Convective Outlook for a...","Now, you will see an example of a social media post with a Convective Outlook for a different day. On the Convective Outlook, there is a location marked with a star and labeled A. As you answer the following questions, imagine that you are at Location A on the day of this outlook. If you were at Location A, how concerned would you feel about the possibility of severe weather?"
"WX_rand_svr_con","hide","graphic shown; Severe Weather Survey 2024: Imagine it's Saturday morning at 8:00 a.m. You are at the marker in the center of this...","Imagine it's Saturday morning at 8:00 a.m. You are at the marker in the center of this map when you learn that a [rand_svr] has been issued for your location. How concerned would you be if you were to get this forecast?"
"WX_rand_svr_resp","hide","graphic shown; Severe Weather Survey 2024: Imagine it's Saturday morning at 8:00 a.m. You are at the marker in the center of this...","Imagine it's Saturday morning at 8:00 a.m. You are at the marker in the center of this map when you learn that a [rand_svr] has been issued for your location. How likely would you be to take protective action if you were to get this forecast?"
"WX_rand_svr_und","hide","graphic shown; Severe Weather Survey 2024: Here is the same forecast graphic again.","Here is the same forecast graphic again. How well do you understand the information presented in this graphic?"
"WX_rand_svr_conf","hide","graphic shown; Severe Weather Survey 2024: Here is the same forecast graphic again.","Here is the same forecast graphic again. If you encountered this forecast in the future, how confident are you that you'd know what to do to protect yourself?"
"WX_rand_otlk_cern","hide","graphic shown; Severe Weather Survey 2024: How concerned would you be if you were to get this forecast?","How concerned would you be if you were to get this forecast?"
"WX_rand_otlk_point_risk","hide","graphic shown; Severe Weather Survey 2024: What level of risk does the outlook forecast for your area today?","What level of risk does the outlook forecast for your area today?"
"WX_rand_otlk_point_plan","hide","graphic shown; Severe Weather Survey 2024: Would you change your plans for today if you were to receive this forecast?","Would you change your plans for today if you were to receive this forecast?"
"WX_rand_otlk_drive_risk","hide","graphic shown; Severe Weather Survey 2024: What is the highest level of risk that the outlook forecasts for your route on the...","What is the highest level of risk that the outlook forecasts for your route on the interstate today?"
"WX_rand_otlk_drive_plan","hide","graphic shown; Severe Weather Survey 2024: Would you change your plans for today if you were to receive this forecast?","Would you change your plans for today if you were to receive this forecast?"
"WX_rand_otlk_und","hide","graphic shown; Severe Weather Survey 2024: Here is the same forecast graphic again.","Here is the same forecast graphic again. How well do you understand the information presented in this graphic?"
"WX_rand_otlk_help","hide","graphic shown; Severe Weather Survey 2024: Here is the same forecast graphic again.","Here is the same forecast graphic again. How helpful is the information presented in this graphic?"
"WX_rand_otlk_use","hide","graphic shown; Severe Weather Survey 2024: Here is the same forecast graphic again.","Here is the same forecast graphic again. If you encountered a similar situation in the future, how likely would you be to use a graphic like this?"
"WX_exf_ex_see","hide","graphic shown; Severe Weather Survey 2024: Imagine it is a Saturday morning at 8:00AM and you are currently located at [exf_ex_loc]...","Imagine it is a Saturday morning at 8:00AM and you are currently located at [exf_ex_loc] and you see this severe weather forecast for [exf_ex_day] from today. Have you previously encountered a forecast similar to the one shown above?"
"WX_exf_ex_risk","hide","graphic shown; Severe Weather Survey 2024: Imagine it is a Saturday morning at 8:00AM and you are currently located at [exf_ex_loc]...","Imagine it is a Saturday morning at 8:00AM and you are currently located at [exf_ex_loc] and you see this severe weather forecast for [exf_ex_day] from today. How concerned would you be at [exf_ex_loc] if you were to get this forecast for [exf_ex_day] in the future?"
"WX_exf_resp","hide","graphic shown; Severe Weather Survey 2024: Imagine it is a Saturday morning at 8:00AM and you are currently located at [exf_ex_loc]...","Imagine it is a Saturday morning at 8:00AM and you are currently located at [exf_ex_loc] and you see this severe weather forecast for [exf_ex_day] from today. How likely is it that you would begin altering plans and/or making decisions based on your chance of severe weather at [exf_ex_loc] in [exf_ex_day]?"
"WX_exf_ex_monitor","hide","graphic shown; Severe Weather Survey 2024: How likely would you be to continue monitoring the weather forecast over the next...","How likely would you be to continue monitoring the weather forecast over the next [exf_ex_loc] after seeing this forecast?"
"WX_exf_ex_conf","hide","graphic shown; Severe Weather Survey 2024: How confident are you in your ability to understand the information presented in this...","How confident are you in your ability to understand the information presented in this type of forecast?"
"WX_exf_ex_use","hide","graphic shown; Severe Weather Survey 2024: How likely are you to use a forecast like this for making decisions about severe weather...","How likely are you to use a forecast like this for making decisions about severe weather risks in the future?"
"WX_timing_see","hide","graphic shown; Severe Weather Survey 2024: Here is an example of a severe weather timing forecast from the National Weather Service...","Here is an example of a severe weather timing forecast from the National Weather Service for March 31st in Memphis, Tennessee. Have you previously encountered a forecast similar to the one shown above?"
"WX_timing_int_sub","hide","graphic shown; Severe Weather Survey 2024: Here is an example of a severe weather timing forecast from the National Weather Service...","Here is an example of a severe weather timing forecast from the National Weather Service for March 31st in Memphis, Tennessee. How confident are you in your ability to understand the information presented in this type of forecast?"
"WX_timing_use","hide","graphic shown; Severe Weather Survey 2024: How likely are you to use a forecast like this for making future decisions?","How likely are you to use a forecast like this for making future decisions?"
"WX_sev_int_risk","hide","graphic shown; Severe Weather Survey 2023: Forecasters often use a combination of phrases, scales, probabilities, and graphics to...","Forecasters often use a combination of phrases, scales, probabilities, and graphics to describe the risk of severe thunderstorms and tornadoes in an area. To begin, imagine that it is a Saturday morning at 8:00 AM and you see this forecast. How much risk does this forecast suggest for people in Location A?"
"WX_sev_int_conf","hide","graphic shown; Severe Weather Survey 2023: How much do you agree or disagree with the following statement? I am confident I...","How much do you agree or disagree with the following statement? I am confident I understand the risk for severe weather for people in Location A next Saturday."
"WX_sev_int_resp","hide","graphic shown; Severe Weather Survey 2023: How likely is it that you would change your plans for the day if you were in Location A?","How likely is it that you would change your plans for the day if you were in Location A?"
"WX_spc_label_comp","hide","graphic shown; Severe Weather Survey 2023: Currently, the Storm Prediction Center uses the following scale to convey the risk of...","Currently, the Storm Prediction Center uses the following scale to convey the risk of tornadoes, damaging winds, and large hail in different parts of the country: Marginal risk, Slight risk, Enhanced risk, Moderate risk, High risk. On the previous pages, you saw a forecast from an experimental scale that may replace the current scale. The table below depicts the two alternatives - the current scale and the experimental scale. Which scale do you think helps you better understand your risk of severe weather?"
"WX_hia_cncrn","hide","graphic shown; Severe Weather Survey 2022: Now we are going to show you an example message from the National Weather Service and ask...","Now we are going to show you an example message from the National Weather Service and ask you how you might respond if you got this message. We know this can be difficult without more information. Just give us your first impression. If you saw this message and you were in the impacted area... How concerned would you be about the severe thunderstorm?"
"WX_hia_act","hide","graphic shown; Severe Weather Survey 2022: Now we are going to show you an example message from the National Weather Service and ask...","Now we are going to show you an example message from the National Weather Service and ask you how you might respond if you got this message. We know this can be difficult without more information. Just give us your first impression. If you saw this message and you were in the impacted area... Would you take actions to protect yourself from the severe thunderstorm?"
"WX_hia_act_conf","hide","graphic shown; Severe Weather Survey 2022: Now we are going to show you an example message from the National Weather Service and ask...","Now we are going to show you an example message from the National Weather Service and ask you how you might respond if you got this message. We know this can be difficult without more information. Just give us your first impression. If you saw this message and you were in the impacted area... How confident are you that the actions you might take to protect yourself from the severe thunderstorm would be effective?"
"WX_spc_cp_risk","hide","graphic shown; Severe Weather Survey 2022: Now, please look at this example forecast from a few months ago.","Now, please look at this example forecast from a few months ago. How much risk does this forecast suggest for people in Location A?"
"WX_spc_cp_resp","hide","graphic shown; Severe Weather Survey 2022: Now, please look at this example forecast from a few months ago.","Now, please look at this example forecast from a few months ago. How likely is it that you would change your plans for the day if you were in Location A?"
"WX_spc_ci_risk","hide","graphic shown; Severe Weather Survey 2022: Finally, please look at a different forecast from a few months ago.","Finally, please look at a different forecast from a few months ago. How much risk does this forecast suggest for people in Location A?"
"WX_spc_ci_conf","hide","graphic shown; Severe Weather Survey 2022: Finally, please look at a different forecast from a few months ago.","Finally, please look at a different forecast from a few months ago. How much do you agree or disagree with the following statement? I am confident I understand the risk for severe weather for people in Location A next Saturday."
"WX_spc_ci_resp","hide","graphic shown; Severe Weather Survey 2022: Finally, please look at a different forecast from a few months ago.","Finally, please look at a different forecast from a few months ago. How likely is it that you would change your plans for the day if you were in Location A?"
"WX_long_tweet","hide","graphic shown; Severe Weather Survey 2020: As you may know, there is a lot of information about the weather. Some of it is...","As you may know, there is a lot of information about the weather. Some of it is scientifically credible and some of it is not. Please click through the next few pages and tell us which forecasts seem credible and which forecasts do not. By credible, we do not mean that the forecast is correct; we mean that is scientifically possible and reliable. Note that these are EXAMPLE forecasts from the PAST. They ARE NOT current forecasts. Some of the examples are scientifically credible and some are not. Do you think this forecast is credible?"
"WX_hurr_tweet","hide","graphic shown; Severe Weather Survey 2020: As you may know, there is a lot of information about the weather. Some of it is...","As you may know, there is a lot of information about the weather. Some of it is scientifically credible and some of it is not. Please click through the next few pages and tell us which forecasts seem credible and which forecasts do not. By credible, we do not mean that the forecast is correct; we mean that is scientifically possible and reliable. Note that these are EXAMPLE forecasts from the PAST. They ARE NOT current forecasts. Some of the examples are scientifically credible and some are not. Do you think this forecast is credible?"
"WX_torn_tweet","hide","graphic shown; Severe Weather Survey 2020: As you may know, there is a lot of information about the weather. Some of it is...","As you may know, there is a lot of information about the weather. Some of it is scientifically credible and some of it is not. Please click through the next few pages and tell us which forecasts seem credible and which forecasts do not. By credible, we do not mean that the forecast is correct; we mean that is scientifically possible and reliable. Note that these are EXAMPLE forecasts from the PAST. They ARE NOT current forecasts. Some of the examples are scientifically credible and some are not. Do you think this forecast is credible?"
"WX_drought_tweet","hide","graphic shown; Severe Weather Survey 2020: As you may know, there is a lot of information about the weather. Some of it is...","As you may know, there is a lot of information about the weather. Some of it is scientifically credible and some of it is not. Please click through the next few pages and tell us which forecasts seem credible and which forecasts do not. By credible, we do not mean that the forecast is correct; we mean that is scientifically possible and reliable. Note that these are EXAMPLE forecasts from the PAST. They ARE NOT current forecasts. Some of the examples are scientifically credible and some are not. Do you think this forecast is credible?"
"WX_rain_tweet","hide","graphic shown; Severe Weather Survey 2020: As you may know, there is a lot of information about the weather. Some of it is...","As you may know, there is a lot of information about the weather. Some of it is scientifically credible and some of it is not. Please click through the next few pages and tell us which forecasts seem credible and which forecasts do not. By credible, we do not mean that the forecast is correct; we mean that is scientifically possible and reliable. Note that these are EXAMPLE forecasts from the PAST. They ARE NOT current forecasts. Some of the examples are scientifically credible and some are not. Do you think this forecast is credible?"
"WX_cost_download","hide","graphic shown; Severe Weather Survey 2017: Currently, tornado WARNINGS from the National Weather Service are binary (the warning is...","Currently, tornado WARNINGS from the National Weather Service are binary (the warning is either ""on"" or ""off""). Scientists are working on a new tornado WARNING technology that may allow you to access more specific information, such as the probability that a tornado will occur at your exact location at a specific point in time. Research and development of this technology is ongoing, but the new WARNING might look something like this (see video). In the video, the red shapes represent current (binary) tornado warnings; the small colorful pixels show more specific information about the tornado threat at the location identified by the small box. Would you download this application (mobile app) for a one time cost of $[app_cost: 0.99:49.99]?"
"WX_cost_download_conf","hide","graphic shown; Severe Weather Survey 2017: Currently, tornado WARNINGS from the National Weather Service are binary (the warning is...","Currently, tornado WARNINGS from the National Weather Service are binary (the warning is either ""on"" or ""off""). Scientists are working on a new tornado WARNING technology that may allow you to access more specific information, such as the probability that a tornado will occur at your exact location at a specific point in time. Research and development of this technology is ongoing, but the new WARNING might look something like this (see video). In the video, the red shapes represent current (binary) tornado warnings; the small colorful pixels show more specific information about the tornado threat at the location identified by the small box. On a scale from zero to ten, where zero means not at all certain and ten means completely certain, how certain are you that you would download this smart phone application (mobile app) for a one time cost of $[app_cost: 0.99:99.99]?"
"TC_student_concern","hide","graphic shown; Tropical Cyclone Survey 2025: Next, imagine you are made aware that there is a hurricane about to make an imminent...","Next, imagine you are made aware that there is a hurricane about to make an imminent landfall just north of Cape Coral (pictured below). Threats from the hurricane include wind damage, flooding, lightning strikes, and possibly tornadoes. In preparation, you are given this map of potential storm surge heights. If you were located at location [rand_loc], how concerned would you be about storm surge damaging property?"
"TC_student_evac","hide","graphic shown; Tropical Cyclone Survey 2025: Next, imagine you are made aware that there is a hurricane about to make an imminent...","Next, imagine you are made aware that there is a hurricane about to make an imminent landfall just north of Cape Coral (pictured below). Threats from the hurricane include wind damage, flooding, lightning strikes, and possibly tornadoes. In preparation, you are given this map of potential storm surge heights. If you were at location rand_loc and saw this graphic, what would be your likelihood of evacuating?"
"TC_ss_see","hide","graphic shown; Tropical Cyclone Survey 2020-2023: This is a snap shot from a Potential Storm Surge Flooding map that is issued by the...","This is a snap shot from a Potential Storm Surge Flooding map that is issued by the NOAA/NWS National Hurricane Center. Have you seen a graphic like this before?"
"TC_ss_int","hide","graphic shown; Tropical Cyclone Survey 2020-2023: This is a snap shot from a Potential Storm Surge Flooding map that is issued by the...","This is a snap shot from a Potential Storm Surge Flooding map that is issued by the NOAA/NWS National Hurricane Center. Are you able to interpret all of the information in this graphic?"
"TC_ss_dec","hide","graphic shown; Tropical Cyclone Survey 2020-2023: This is a snap shot from a Potential Storm Surge Flooding map that is issued by the...","This is a snap shot from a Potential Storm Surge Flooding map that is issued by the NOAA/NWS National Hurricane Center. How likely are you to use this graphic to understand the risk if a hurricane were to threaten your location?"
"TC_ss_comm","hide","graphic shown; Tropical Cyclone Survey 2020-2023: This is a snap shot from a Potential Storm Surge Flooding map that is issued by the...","This is a snap shot from a Potential Storm Surge Flooding map that is issued by the NOAA/NWS National Hurricane Center. How likely are you to use this graphic to explain the risk to friends, family, and neighbors if a hurricane were to threaten your location?"
"TC_ws_see","hide","graphic shown; Tropical Cyclone Survey 2020-2023: This is an example Wind Speed Probability graphic that is issued by the NOAA/NWS National...","This is an example Wind Speed Probability graphic that is issued by the NOAA/NWS National Hurricane Center. Have you seen a graphic like this before?"
"TC_ws_int","hide","graphic shown; Tropical Cyclone Survey 2020-2023: This is an example Wind Speed Probability graphic that is issued by the NOAA/NWS National...","This is an example Wind Speed Probability graphic that is issued by the NOAA/NWS National Hurricane Center. Are you able to interpret all of the information in this graphic?"
"TC_ws_dec","hide","graphic shown; Tropical Cyclone Survey 2020-2023: This is an example Wind Speed Probability graphic that is issued by the NOAA/NWS National...","This is an example Wind Speed Probability graphic that is issued by the NOAA/NWS National Hurricane Center. How likely are you to use this graphic to understand the risk if a hurricane were to threaten your location?"
"TC_ws_comm","hide","graphic shown; Tropical Cyclone Survey 2020-2023: This is an example Wind Speed Probability graphic that is issued by the NOAA/NWS National...","This is an example Wind Speed Probability graphic that is issued by the NOAA/NWS National Hurricane Center. How likely are you to use this graphic to explain the risk to friends, family, and neighbors if a hurricane were to threaten your location?"
"TC_ss_test","hide","graphic shown; Tropical Cyclone Survey 2020-2023: Which of the following statements best describes the storm surge forecast for Location A?","Which of the following statements best describes the storm surge forecast for Location A?"
"TC_ss_conf","hide","graphic shown; Tropical Cyclone Survey 2020-2023: How confident are you in your response to the previous question?","How confident are you in your response to the previous question?"
"TC_ss_risk","hide","graphic shown; Tropical Cyclone Survey 2020-2023: How much risk does this information imply for average people in Location A?","How much risk does this information imply for average people in Location A?"
"TC_ss_resp","hide","graphic shown; Tropical Cyclone Survey 2020-2023: If you were advising people in Location A, would you tell them to:","If you were advising people in Location A, would you tell them to:"
"TC_ws_test","hide","graphic shown; Tropical Cyclone Survey 2020-2023: Which of the following statements best describes the probability of hurricane-force winds...","Which of the following statements best describes the probability of hurricane-force winds in Location A?"
"TC_ws_conf","hide","graphic shown; Tropical Cyclone Survey 2020-2023: How confident are you in your response to the previous question?","How confident are you in your response to the previous question?"
"TC_ws_risk","hide","graphic shown; Tropical Cyclone Survey 2020-2023: How much risk does this information imply for average people in Location A?","How much risk does this information imply for average people in Location A?"
"TC_ws_resp","hide","graphic shown; Tropical Cyclone Survey 2020-2023: If you were advising people in Location A, would you tell them to:","If you were advising people in Location A, would you tell them to:"
"TC_loc_test","hide","graphic shown; Tropical Cyclone Survey 2024: Now we have some questions about how you interpret this post.","Now we have some questions about how you interpret this post. Which of the following statements best describes the probability of hurricane-force winds at Location B?"
"TC_loc_conf","hide","graphic shown; Tropical Cyclone Survey 2024: Now we have some questions about how you interpret this post.","Now we have some questions about how you interpret this post. How confident are you in your response to the previous question?"
"TC_loc_risk","hide","graphic shown; Tropical Cyclone Survey 2024: Now we have some questions about how you interpret this post.","Now we have some questions about how you interpret this post. How much risk does this forecast imply for average people in Location B?"
"TC_surge_flood_risk","hide","graphic shown; Tropical Cyclone Survey 2022: Here is an example message that includes an alert from a past storm.","Here is an example message that includes an alert from a past storm. Can you tell us how much risk the message implies for average people in the warning area?"
"TC_surge_flood_und","hide","graphic shown; Tropical Cyclone Survey 2022: Here is an example message that includes an alert from a past storm.","Here is an example message that includes an alert from a past storm. Does all the information in this message (including the text) make sense to you?"
"TC_met_accurate_1","hide","graphic shown; Tropical Cyclone Survey 2022: Many people rely on specific meteorologists when looking for information about extreme...","Many people rely on specific meteorologists when looking for information about extreme weather. We want to know if there are some characteristics that make a meteorologist seem more (or less) reliable to people like you. In the next few questions, we are going to introduce an example meteorologist and ask you what you think of them. We know this can be difficult without more information. Just give us your first impression. This is [rand_name: Alex Morgan | Cameron Johnson]. [rand_fname] grew up in [rand_place: state | out_state], has a [rand_degree: bachelor's | master's] degree in meteorology, and has [rand_experience: 2 | 5] years of experience as a meteorologist in the [rand_place] area. Would you trust rand_fname_1 to provide accurate information during dangerous weather events in your area?"
"TC_met_relevant_1","hide","graphic shown; Tropical Cyclone Survey 2022: Many people rely on specific meteorologists when looking for information about extreme...","Many people rely on specific meteorologists when looking for information about extreme weather. We want to know if there are some characteristics that make a meteorologist seem more (or less) reliable to people like you. In the next few questions, we are going to introduce an example meteorologist and ask you what you think of them. We know this can be difficult without more information. Just give us your first impression. This is [rand_name: Alex Morgan | Cameron Johnson]. [rand_fname] grew up in [rand_place: state | out_state], has a [rand_degree: bachelor's | master's] degree in meteorology, and has [rand_experience: 2 | 5] years of experience as a meteorologist in the [rand_place] area. Would you trust rand_fname_1 to provide information that is relevant to people like you during dangerous weather events in your area?"
"TC_met_accurate_2","hide","graphic shown; Tropical Cyclone Survey 2022: Many people rely on specific meteorologists when looking for information about extreme...","Many people rely on specific meteorologists when looking for information about extreme weather. We want to know if there are some characteristics that make a meteorologist seem more (or less) reliable to people like you. In the next few questions, we are going to introduce an example meteorologist and ask you what you think of them. We know this can be difficult without more information. Just give us your first impression. This is [rand_name: Alex Morgan | Cameron Johnson]. [rand_fname] grew up in [rand_place: state | out_state], has a [rand_degree: bachelor's | master's] degree in meteorology, and has [rand_experience: 2 | 5] years of experience as a meteorologist in the [rand_place] area. Would you trust rand_fname_2 to provide accurate information during dangerous weather events in your area?"
"TC_met_relevant_2","hide","graphic shown; Tropical Cyclone Survey 2022: Many people rely on specific meteorologists when looking for information about extreme...","Many people rely on specific meteorologists when looking for information about extreme weather. We want to know if there are some characteristics that make a meteorologist seem more (or less) reliable to people like you. In the next few questions, we are going to introduce an example meteorologist and ask you what you think of them. We know this can be difficult without more information. Just give us your first impression. This is [rand_name: Alex Morgan | Cameron Johnson]. [rand_fname] grew up in [rand_place: state | out_state], has a [rand_degree: bachelor's | master's] degree in meteorology, and has [rand_experience: 2 | 5] years of experience as a meteorologist in the [rand_place] area. Would you trust rand_fname_2 to provide information that is relevant to people like you during dangerous weather events in your area?"
"TC_met_follow_1","hide","graphic shown; Tropical Cyclone Survey 2022: Many people rely on specific meteorologists when looking for information about extreme...","Many people rely on specific meteorologists when looking for information about extreme weather. We want to know if there are some characteristics that make a meteorologist seem more (or less) reliable to people like you. In the next few questions, we are going to introduce an example meteorologist and ask you what you think of them. We know this can be difficult without more information. Just give us your first impression. This is [rand_name: Alex Morgan | Cameron Johnson]. [rand_fname] grew up in [rand_place: state | out_state], has a [rand_degree: bachelor's | master's] degree in meteorology, and has [rand_experience: 2 | 5] years of experience as a meteorologist in the [rand_place] area. Would you follow/watch rand_fname_1 if they were a meteorologist in your area?"
"TC_met_follow_2","hide","graphic shown; Tropical Cyclone Survey 2022: Many people rely on specific meteorologists when looking for information about extreme...","Many people rely on specific meteorologists when looking for information about extreme weather. We want to know if there are some characteristics that make a meteorologist seem more (or less) reliable to people like you. In the next few questions, we are going to introduce an example meteorologist and ask you what you think of them. We know this can be difficult without more information. Just give us your first impression. This is [rand_name: Alex Morgan | Cameron Johnson]. [rand_fname] grew up in [rand_place: state | out_state], has a [rand_degree: bachelor's | master's] degree in meteorology, and has [rand_experience: 2 | 5] years of experience as a meteorologist in the [rand_place] area. Would you follow/watch rand_fname_2 if they were a meteorologist in your area? Would you rely on Alex during a dangerous weather event in your area?"
"TC_met_choice","hide","graphic shown; Tropical Cyclone Survey 2022: This is [rand_pic_1] [rand_name_1] and this is [rand_pic_2] [rand_name_2], described as...","This is [rand_pic_1] [rand_name_1] and this is [rand_pic_2] [rand_name_2], described as above. If you were experiencing a dangerous weather event, which of these meteorologists would you rely on for potentially life saving information?"
"TC_qp_see","hide","graphic shown; Tropical Cyclone Survey 2020-2021: This is an example of Probabilistic Quantitative Precipitation Forecast (PQPF) graphic...","This is an example of Probabilistic Quantitative Precipitation Forecast (PQPF) graphic that is issued by the NOAA/NWS Weather Prediction Center. Have you seen a graphic like this before?"
"TC_qp_int","hide","graphic shown; Tropical Cyclone Survey 2020-2021: This is an example of Probabilistic Quantitative Precipitation Forecast (PQPF) graphic...","This is an example of Probabilistic Quantitative Precipitation Forecast (PQPF) graphic that is issued by the NOAA/NWS Weather Prediction Center. Are you able to interpret all of the information in this graphic?"
"TC_qp_dec","hide","graphic shown; Tropical Cyclone Survey 2020-2021: This is an example of Probabilistic Quantitative Precipitation Forecast (PQPF) graphic...","This is an example of Probabilistic Quantitative Precipitation Forecast (PQPF) graphic that is issued by the NOAA/NWS Weather Prediction Center. How likely are you to use this graphic to understand the risk if a hurricane were to threaten your location?"
"TC_qp_comm","hide","graphic shown; Tropical Cyclone Survey 2020-2021: This is an example of Probabilistic Quantitative Precipitation Forecast (PQPF) graphic...","This is an example of Probabilistic Quantitative Precipitation Forecast (PQPF) graphic that is issued by the NOAA/NWS Weather Prediction Center. How likely are you to use this graphic to explain the risk to friends, family, and neighbors if a hurricane were to threaten your location?"
"TC_qp_test","hide","graphic shown; Tropical Cyclone Survey 2020-2021: Which of the following statements best describes the rainfall forecast for Location A?","Which of the following statements best describes the rainfall forecast for Location A?"
"TC_qp_conf","hide","graphic shown; Tropical Cyclone Survey 2020-2021: How confident are you in your response to the previous question?","How confident are you in your response to the previous question?"
"TC_qp_risk","hide","graphic shown; Tropical Cyclone Survey 2020-2021: How much risk does this information imply for average people in Location A?","How much risk does this information imply for average people in Location A?"
"TC_qp_resp","hide","graphic shown; Tropical Cyclone Survey 2020-2021: If you were advising people in Location A, would you tell them to:","If you were advising people in Location A, would you tell them to:"
"TC_wind_reliable","hide","graphic shown; Tropical Cyclone Survey 2020: Now we are going to show you some example forecast messages from past hurricanes and ask...","Now we are going to show you some example forecast messages from past hurricanes and ask you how reliable the messages seem to you. We know this can be difficult without more information. Just give us your first impression. Using this information alone, how reliable does this forecast message seem to you?"
"TC_surge_reliable","hide","graphic shown; Tropical Cyclone Survey 2020: Now we are going to show you some example forecast messages from past hurricanes and ask...","Now we are going to show you some example forecast messages from past hurricanes and ask you how reliable the messages seem to you. We know this can be difficult without more information. Just give us your first impression. Using this information alone, how reliable does this forecast message seem to you?"
"TC_flood_reliable","hide","graphic shown; Tropical Cyclone Survey 2020: Now we are going to show you some example forecast messages from past hurricanes and ask...","Now we are going to show you some example forecast messages from past hurricanes and ask you how reliable the messages seem to you. We know this can be difficult without more information. Just give us your first impression. Using this information alone, how reliable does this forecast message seem to you?"
"WW_snmapeight","hide","graphic shown; Winter Weather Survey 2025: Based on this forecast, what is the chance that Worcester will receive 8 inches of snow...","Based on this forecast, what is the chance that Worcester will receive 8 inches of snow or more?"
"WW_snmapfour","hide","graphic shown; Winter Weather Survey 2025: Based on this forecast, what is the chance that Worcester will receive less than 4 inches...","Based on this forecast, what is the chance that Worcester will receive less than 4 inches of snow?"
"WW_snmaptwelve","hide","graphic shown; Winter Weather Survey 2025: Based on this forecast, what is the chance that Worcester will receive more than 12...","Based on this forecast, what is the chance that Worcester will receive more than 12 inches of snow?"
"WW_snmapund","hide","graphic shown; Winter Weather Survey 2025: For the next questions, please indicate how much you agree or disagree with each...","For the next questions, please indicate how much you agree or disagree with each statement. This forecast is easy to understand."
"WW_snmapclear","hide","graphic shown; Winter Weather Survey 2025: For the next questions, please indicate how much you agree or disagree with each...","For the next questions, please indicate how much you agree or disagree with each statement. The information in this forecast is clearly presented."
"WW_snmapconf","hide","graphic shown; Winter Weather Survey 2025: For the next questions, please indicate how much you agree or disagree with each...","For the next questions, please indicate how much you agree or disagree with each statement. I feel confident that I understand this forecast."
"WW_snmapdesc","hide","graphic shown; Winter Weather Survey 2025: Again, please indicate how much you agree or disagree with each statement.","Again, please indicate how much you agree or disagree with each statement. This forecast gives me the information I need to make decisions (for example about travel, work, or school)."
"WW_snmapbad","hide","graphic shown; Winter Weather Survey 2025: Again, please indicate how much you agree or disagree with each statement.","Again, please indicate how much you agree or disagree with each statement. This forecast helps me understand how bad the storm could be."
"WW_snmaplike","hide","graphic shown; Winter Weather Survey 2025: Again, please indicate how much you agree or disagree with each statement.","Again, please indicate how much you agree or disagree with each statement. This forecast helps me understand what is most likely to happen."
"WW_snmapfut","hide","graphic shown; Winter Weather Survey 2025: Again, please indicate how much you agree or disagree with each statement.","Again, please indicate how much you agree or disagree with each statement. I would like to receive snow forecasts in this format in the future."
"WW_color_flash_cond","hide","graphic shown; Winter Weather Survey 2024: On the next page, you will see a forecast graphic for a short moment, as if you were...","On the next page, you will see a forecast graphic for a short moment, as if you were scrolling past the graphic on your social media feed. When viewing the graphic, imagine you are in Location A. Afterward, you'll be asked a few questions about what you observed. Which type of weather condition was shown in the graphic?"
"WW_color_flash_temp","hide","graphic shown; Winter Weather Survey 2024: On the next page, you will see a forecast graphic for a short moment, as if you were...","On the next page, you will see a forecast graphic for a short moment, as if you were scrolling past the graphic on your social media feed. What was the forecast high temperature at Location A on the graphic?"
"WW_color_flash_und","hide","graphic shown; Winter Weather Survey 2024: How easy was it to understand the information presented in the graphic?","How easy was it to understand the information presented in the graphic?"
"WW_color_flash_scroll","hide","graphic shown; Winter Weather Survey 2024: If you were located at Location A and saw this message on your social media, how likely...","If you were located at Location A and saw this message on your social media, how likely would you be to stop scrolling and/or click on a link for more information?"
"WW_color_flash_act","hide","graphic shown; Winter Weather Survey 2024: If you were located at Location A, how likely would you be to take precautionary actions...","If you were located at Location A, how likely would you be to take precautionary actions (such as wearing a jacket, rescheduling outdoor activities, or protecting plants) based on the forecast shown in the graphic?"
"WW_color_static_cond","hide","graphic shown; Winter Weather Survey 2024: Here is a forecast graphic that you might see on your social media feed. When viewing the...","Here is a forecast graphic that you might see on your social media feed. When viewing the graphic, imagine you are in Location A. Which type of weather condition is shown in the graphic?"
"WW_color_static_temp","hide","graphic shown; Winter Weather Survey 2024: Here is a forecast graphic that you might see on your social media feed. When viewing the...","Here is a forecast graphic that you might see on your social media feed. When viewing the graphic, imagine you are in Location A. What is the forecast high temperature at Location A on the graphic?"
"WW_color_static_und","hide","graphic shown; Winter Weather Survey 2024: How easy is it to understand the information presented in the graphic?","How easy is it to understand the information presented in the graphic?"
"WW_color_static_scroll","hide","graphic shown; Winter Weather Survey 2024: If you were located at Location A and saw this message on your social media, how likely...","If you were located at Location A and saw this message on your social media, how likely would you be to stop scrolling and/or click on a link for more information?"
"WW_color_static_act","hide","graphic shown; Winter Weather Survey 2024: If you were located at Location A, how likely would you be to take precautionary actions...","If you were located at Location A, how likely would you be to take precautionary actions (such as wearing a jacket, rescheduling outdoor activities, or protecting plants) based on the forecast shown in the graphic?"
"WW_color_diff","hide","graphic shown; Winter Weather Survey 2024: You indicated that understanding the information in this graphic was somewhat difficult....","You indicated that understanding the information in this graphic was somewhat difficult. Could you tell us which element of the graphic was most confusing?"
"WW_health_exp_risk","hide","graphic shown; Winter Weather Survey 2024: Imagine you are currently located in this area. The National Weather Service just...","Imagine you are currently located in this area. The National Weather Service just released this graphic on their Facebook and you see it come across your phone. After seeing this forecast, how do you rate the risk of the [health_cond] forecast to you?"
"WW_health_pa","hide","graphic shown; Winter Weather Survey 2024: Imagine you are currently located in this area. The National Weather Service just...","Imagine you are currently located in this area. The National Weather Service just released this graphic on their Facebook and you see it come across your phone. How likely are you to take a protective action (e.g., stay at home, avoid travel, wear extra layers when going out) in response to this forecast?"
"WW_ww_self_eff1","hide","graphic shown; Winter Weather Survey 2024: Please rate the extent to which you agree or disagree with the following statements.","Please rate the extent to which you agree or disagree with the following statements. I can do the actions described in the forecast message."
"WW_ww_resp_eff2","hide","graphic shown; Winter Weather Survey 2024: Please rate the extent to which you agree or disagree with the following statements.","Please rate the extent to which you agree or disagree with the following statements. I think the actions in the forecast message will keep people safe from extreme winter weather events like extreme cold temperatures or an ice storm."
"WW_mis_qual","hide","graphic shown; Winter Weather Survey 2023: Imagine that it is Thursday morning, you are at Location A, and one of the people you...","Imagine that it is Thursday morning, you are at Location A, and one of the people you follow on social media shares this forecast. There are many forecasts about this event on social media and some of them are higher quality than others. Do you think the information in this forecast is low-quality or high-quality?"
"WW_mis_conf","hide","graphic shown; Winter Weather Survey 2023: Imagine that it is Thursday morning, you are at Location A, and one of the people you...","Imagine that it is Thursday morning, you are at Location A, and one of the people you follow on social media shares this forecast. How confident are you in that assessment of the quality?"
"WW_mis_share","hide","graphic shown; Winter Weather Survey 2023: Imagine that it is Thursday morning, you are at Location A, and one of the people you...","Imagine that it is Thursday morning, you are at Location A, and one of the people you follow on social media shares this forecast. How likely are you to share this image with your friends or followers on any social media you use?"
"WW_mis_action","hide","graphic shown; Winter Weather Survey 2023: Imagine that it is Thursday morning, you are at Location A, and one of the people you...","Imagine that it is Thursday morning, you are at Location A, and one of the people you follow on social media shares this forecast. Imagine that you were planning to visit friends in Richland Center on the day of the event. How likely are you to change these plans?"
"FL_otlks_risk_compare","hide","graphic shown; Flooding Survey 2025: Based on the forecast for Point A, which hazard do you think poses a greater risk to your...","Based on the forecast for Point A, which hazard do you think poses a greater risk to your area today?"
"FL_otlks_cat_recall_spc","hide","graphic shown; Flooding Survey 2025: What was the forecast risk level for severe thunderstorms at Point A?","What was the forecast risk level for severe thunderstorms at Point A?"
"FL_otlks_cat_recall_ero","hide","graphic shown; Flooding Survey 2025: What was the forecast risk level for flash flooding at Point A?","What was the forecast risk level for flash flooding at Point A?"
"FL_otlks_color_opin","hide","graphic shown; Flooding Survey 2025: One such debate centers on the use of color scales in weather risk graphics: should the...","One such debate centers on the use of color scales in weather risk graphics: should the same scale be used across all hazards, or should each hazard have its own distinct color scheme? In your opinion, which approach should the National Weather Service prioritize when using color in forecast graphics?"
"FL_ar_seen","hide","graphic shown; Flooding Survey 2025: Now, we'd like to show you an example of the type of graphic a TV station might display...","Now, we'd like to show you an example of the type of graphic a TV station might display during an atmospheric river event. Please take a moment to review the image before answering the next few questions. Have you ever seen a forecast graphic that uses a scale like this to show the intensity or impact of an atmospheric river?"
"FL_ar_conf","hide","graphic shown; Flooding Survey 2025: Now, we'd like to show you an example of the type of graphic a TV station might display...","Now, we'd like to show you an example of the type of graphic a TV station might display during an atmospheric river event. Please take a moment to review the image before answering the next few questions. How confident are you in your ability to understand the information presented in the graphic - particularly the meaning of the scale?"
"FL_ar_balance_cat1","hide","graphic shown; Flooding Survey 2025: The table below lists each category in the AR scale. For each one, please tell us what...","The table below lists each category in the AR scale. For each one, please tell us what types of impacts you would expect if you were to see that category used in a forecast. Category 1 (AR1, Weak)"
"FL_ar_balance_cat2","hide","graphic shown; Flooding Survey 2025: The table below lists each category in the AR scale. For each one, please tell us what...","The table below lists each category in the AR scale. For each one, please tell us what types of impacts you would expect if you were to see that category used in a forecast. Category 2 (AR2, Moderate)"
"FL_ar_balance_cat3","hide","graphic shown; Flooding Survey 2025: The table below lists each category in the AR scale. For each one, please tell us what...","The table below lists each category in the AR scale. For each one, please tell us what types of impacts you would expect if you were to see that category used in a forecast. Category 3 (AR3, Strong)"
"FL_ar_balance_cat4","hide","graphic shown; Flooding Survey 2025: The table below lists each category in the AR scale. For each one, please tell us what...","The table below lists each category in the AR scale. For each one, please tell us what types of impacts you would expect if you were to see that category used in a forecast. Category 4 (AR4, Extreme)"
"FL_ar_balance_cat5","hide","graphic shown; Flooding Survey 2025: The table below lists each category in the AR scale. For each one, please tell us what...","The table below lists each category in the AR scale. For each one, please tell us what types of impacts you would expect if you were to see that category used in a forecast. Category 5 (AR5, Exceptional)"
"FL_ar_act_seek","hide","graphic shown; Flooding Survey 2025: At what atmospheric river (AR) category or level would you begin to consider taking each...","At what atmospheric river (AR) category or level would you begin to consider taking each of the following actions? Seek additional information"
"FL_ar_act_prepare","hide","graphic shown; Flooding Survey 2025: At what atmospheric river (AR) category or level would you begin to consider taking each...","At what atmospheric river (AR) category or level would you begin to consider taking each of the following actions? Prepare emergency supplies"
"FL_ar_act_protact","hide","graphic shown; Flooding Survey 2025: At what atmospheric river (AR) category or level would you begin to consider taking each...","At what atmospheric river (AR) category or level would you begin to consider taking each of the following actions? Consider taking protective action"
"FL_ar_act_secure","hide","graphic shown; Flooding Survey 2025: At what atmospheric river (AR) category or level would you begin to consider taking each...","At what atmospheric river (AR) category or level would you begin to consider taking each of the following actions? Secure outdoor items"
"FL_ar_act_plans","hide","graphic shown; Flooding Survey 2025: At what atmospheric river (AR) category or level would you begin to consider taking each...","At what atmospheric river (AR) category or level would you begin to consider taking each of the following actions? Reconsider travel plans"
"FL_ar_act_power","hide","graphic shown; Flooding Survey 2025: At what atmospheric river (AR) category or level would you begin to consider taking each...","At what atmospheric river (AR) category or level would you begin to consider taking each of the following actions? Prepare for power outages"
"FL_ar_act_evacuate","hide","graphic shown; Flooding Survey 2025: At what atmospheric river (AR) category or level would you begin to consider taking each...","At what atmospheric river (AR) category or level would you begin to consider taking each of the following actions? Evacuate"
"FL_ero_see","hide","graphic shown; Flooding Survey 2024: The NWS Weather Prediction Center (WPC) issues Excessive Rainfall Outlooks that indicate...","The NWS Weather Prediction Center (WPC) issues Excessive Rainfall Outlooks that indicate flash flooding threats across the contiguous United States. These Outlooks use a combination of words, colors, and numeric probabilities to represent threats. Here is one example. Have you ever seen an Excessive Rainfall Outlook before?"
"FL_ero_int_sub","hide","graphic shown; Flooding Survey 2024: The NWS Weather Prediction Center (WPC) issues Excessive Rainfall Outlooks that indicate...","The NWS Weather Prediction Center (WPC) issues Excessive Rainfall Outlooks that indicate flash flooding threats across the contiguous United States. How confident are you in your ability to understand the information presented in this Outlook?"
"FL_ero_int_obj","hide","graphic shown; Flooding Survey 2024: The NWS Weather Prediction Center (WPC) issues Excessive Rainfall Outlooks that indicate...","The NWS Weather Prediction Center (WPC) issues Excessive Rainfall Outlooks that indicate flash flooding threats across the contiguous United States. Based on this Outlook, would you say that location A is..."
"FL_ero_use","hide","graphic shown; Flooding Survey 2024: The NWS Weather Prediction Center (WPC) issues Excessive Rainfall Outlooks that indicate...","The NWS Weather Prediction Center (WPC) issues Excessive Rainfall Outlooks that indicate flash flooding threats across the contiguous United States. How likely are you to use an Outlook like this for making future decisions?"
"FL_ibw_cncrn","hide","graphic shown; Flooding Survey 2024: Now we are going to show you an example message from the National Weather Service and ask...","Now we are going to show you an example message from the National Weather Service and ask you how you might respond if you got this message. We know this can be difficult without more information. Just give us your first impression. If you saw this message and you were in the impacted area... How concerned would you be about the flash flood?"
"FL_ibw_act","hide","graphic shown; Flooding Survey 2024: Now we are going to show you an example message from the National Weather Service and ask...","Now we are going to show you an example message from the National Weather Service and ask you how you might respond if you got this message. We know this can be difficult without more information. Just give us your first impression. If you saw this message and you were in the impacted area... Would you take actions to protect yourself from the flash flood?"
"FL_ibw_act_conf","hide","graphic shown; Flooding Survey 2024: Now we are going to show you an example message from the National Weather Service and ask...","Now we are going to show you an example message from the National Weather Service and ask you how you might respond if you got this message. We know this can be difficult without more information. Just give us your first impression. If you saw this message and you were in the impacted area... How confident are you that the actions you might take to protect yourself from the flash flood would be effective?"
"WX_extprob_a","hide","","A [extprob_a_prob: 5:100]% chance of a [extprob_a_int: Light (EF-0), Moderate (EF-1), Significant (EF-2), Severe (EF-3), Devastating (EF-4), Incredible (EF-5)] tornado."
"WX_extprob_b","hide","","A [extprob_b_prob: 5:100]% chance of a [extprob_b_int: Light (EF-0), Moderate (EF-1), Significant (EF-2), Severe (EF-3), Devastating (EF-4), Incredible (EF-5)] tornado."
"WX_extprob_c","hide","","A [extprob_c_prob: 5:100]% chance of a [extprob_c_int: Light (EF-0), Moderate (EF-1), Significant (EF-2), Severe (EF-3), Devastating (EF-4), Incredible (EF-5)] tornado."
"WX_tom_day1_conf","hide","","How confident are you that you would take the action you describe?"
"WX_tom_day1_trust","hide","","How much trust would you have in the accuracy of this forecast?"
"WX_tom_warn_conf","hide","","How confident are you that you would take the action you describe?"
"WX_tom_warn_trust","hide","","How much trust would you have in the accuracy of this forecast?"
"WX_short_torhit_resp_confidence","hide","","How confident are you that you would take this action?"
"WX_short_torhit_resp_protect","hide","","How confident are you that taking this action would protect you from the tornado?"
"WX_long_torhit_resp_confidence","hide","","How confident are you that you would take this action?"
"WX_long_torhit_resp_protect","hide","","How confident are you that taking this action would protect you from the tornado?"
"TC_ai_2_acc","hide","","Do you think this forecast decision process was acceptable?"
"TC_ai_1_acc","hide","","Do you think this forecast decision process was acceptable?"
