order,group,label,measure
1,Tornadoes,Tornado warning reception,TO_RECEP
2,Tornadoes,Tornado warning comprehension,TO_SUBJ_COMP
3,Tornadoes,Tornado warning response,TO_RESP
4,Hurricanes,Hurricane warning reception,HU_RECEP
5,Hurricanes,Hurricane warning comprehension,HU_SUBJ_COMP
6,Hurricanes,Hurricane warning response,HU_RESP
7,Winter storms,Winter storm warning reception,WW_RECEP
8,Winter storms,Winter storm warning comprehension,WW_SUBJ_COMP
9,Winter storms,Winter storm warning response,WW_RESP
10,Floods,Flood warning reception,FL_RECEP
11,Floods,Flood warning comprehension,FL_SUBJ_COMP
12,Floods,Flood warning response,FL_RESP
13,Risk perceptions,Tornado risk perceptions,RISK_TOR
14,Risk perceptions,Hurricane risk perceptions,RISK_HUR
15,Risk perceptions,Storm surge risk perceptions,RISK_SURGE
16,Risk perceptions,Flood risk perceptions,RISK_FLOOD
17,Risk perceptions,Snow risk perceptions,RISK_SNOW
18,Risk perceptions,Ice and freezing rain risk perceptions,RISK_ICE
19,Risk perceptions,Extreme cold risk perceptions,RISK_COLD
20,Risk perceptions,Extreme heat risk perceptions,RISK_HEAT
21,Risk perceptions,Wildfire risk perceptions,RISK_FIRE
22,Risk perceptions,Drought risk perceptions,RISK_DROUGHT
23,Risk perceptions,Hail risk perceptions,RISK_HAIL
24,Risk perceptions,Lightning risk perceptions,RISK_LIGNT
25,Alert frequency,Tornado alert days per year,ALERT_TORN
26,Alert frequency,Hurricane alert days per year,ALERT_HURR
27,Alert frequency,Storm surge alert days per year,ALERT_SURG
28,Alert frequency,Flood alert days per year,ALERT_FLOOD
29,Alert frequency,Snow alert days per year,ALERT_SNOW
30,Alert frequency,Ice alert days per year,ALERT_ICE
31,Alert frequency,Extreme cold alert days per year,ALERT_COLD
32,Alert frequency,Extreme heat alert days per year,ALERT_HEAT
33,Alert frequency,Fire weather alert days per year,ALERT_FIRE
