hazard,variable,arm_variable
Flooding (FL),aware_prog,rand_dev
Flooding (FL),eftv_biosw,rand_haz
Flooding (FL),eftv_depav,rand_haz
Flooding (FL),eftv_down_disc,rand_haz
Flooding (FL),eftv_ext_tree,rand_haz
Flooding (FL),eftv_gr_roof,rand_haz
Flooding (FL),eftv_perm_pav,rand_haz
Flooding (FL),eftv_rain_garden,rand_haz
Flooding (FL),eftv_storm_pond,rand_haz
Flooding (FL),eftv_zero_scap,rand_haz
Flooding (FL),otlks_cat_recall_ero,rand_otlks_loc
Flooding (FL),otlks_cat_recall_spc,rand_otlks_loc
Flooding (FL),adopt_indiv_gr_roof,rand_prog
Flooding (FL),five_days,rand_timeline
Flooding (FL),one_day,rand_timeline
Flooding (FL),three_days,rand_timeline
Flooding (FL),two_days,rand_timeline
Flooding (FL),zero_day,rand_timeline
Severe Weather (WX),exf_ex_monitor,exf_ex_loc
Severe Weather (WX),rec_aft,rand_aft
Severe Weather (WX),resp_aft,rand_aft
Severe Weather (WX),und_aft,rand_aft
Severe Weather (WX),cond_risk_trust,rand_clim_format
Severe Weather (WX),rec_eve,rand_eve
Severe Weather (WX),resp_eve,rand_eve
Severe Weather (WX),und_eve,rand_eve
Severe Weather (WX),rec_morn,rand_morn
Severe Weather (WX),resp_morn,rand_morn
Severe Weather (WX),und_morn,rand_morn
Severe Weather (WX),rand_otlk_drive_plan,rand_otlk_loc
Severe Weather (WX),rand_otlk_drive_risk,rand_otlk_loc
Severe Weather (WX),rand_otlk_point_plan,rand_otlk_loc
Severe Weather (WX),rand_otlk_point_risk,rand_otlk_loc
Severe Weather (WX),rand_svr_con,rand_svr
Severe Weather (WX),rand_svr_resp,rand_svr
Severe Weather (WX),spc_word_def,spc_level_rand
Tropical Cyclone (TC),ai_1_acc,rand_ai_1
Tropical Cyclone (TC),ai_2_acc,rand_ai_2
Tropical Cyclone (TC),flood_reliable,rand_flood
Tropical Cyclone (TC),student_concern,rand_loc
Tropical Cyclone (TC),student_evac,rand_loc
Tropical Cyclone (TC),surge_reliable,rand_surge
Tropical Cyclone (TC),wind_reliable,rand_wind
Winter Weather (WW),rand_evnt_car_ice,rand_evnt_ice
Winter Weather (WW),rand_evnt_cncrn_ice,rand_evnt_ice
Winter Weather (WW),rand_evnt_exc_ice,rand_evnt_ice
Winter Weather (WW),rand_evnt_food_ice,rand_evnt_ice
Winter Weather (WW),rand_evnt_imp_dmg_ice,rand_evnt_ice
Winter Weather (WW),rand_evnt_imp_harm_othr_ice,rand_evnt_ice
Winter Weather (WW),rand_evnt_imp_harm_you_ice,rand_evnt_ice
Winter Weather (WW),rand_evnt_imp_pwr_ice,rand_evnt_ice
Winter Weather (WW),rand_evnt_imp_road_ice,rand_evnt_ice
Winter Weather (WW),rand_evnt_imp_sch_ice,rand_evnt_ice
Winter Weather (WW),rand_evnt_imp_vis_ice,rand_evnt_ice
Winter Weather (WW),rand_evnt_imp_wrk_ice,rand_evnt_ice
Winter Weather (WW),rand_evnt_imp_wtr_ice,rand_evnt_ice
Winter Weather (WW),rand_evnt_noth_ice,rand_evnt_ice
Winter Weather (WW),rand_evnt_othr_ice,rand_evnt_ice
Winter Weather (WW),rand_evnt_supp_ice,rand_evnt_ice
Winter Weather (WW),rand_evnt_svr_dmg_ice,rand_evnt_ice
Winter Weather (WW),rand_evnt_svr_harm_othr_ice,rand_evnt_ice
Winter Weather (WW),rand_evnt_svr_harm_you_ice,rand_evnt_ice
Winter Weather (WW),rand_evnt_svr_pwr_ice,rand_evnt_ice
Winter Weather (WW),rand_evnt_svr_road_ice,rand_evnt_ice
Winter Weather (WW),rand_evnt_svr_sch_ice,rand_evnt_ice
Winter Weather (WW),rand_evnt_svr_vis_ice,rand_evnt_ice
Winter Weather (WW),rand_evnt_svr_wrk_ice,rand_evnt_ice
Winter Weather (WW),rand_evnt_svr_wtr_ice,rand_evnt_ice
Winter Weather (WW),rand_evnt_trav_ice,rand_evnt_ice
Winter Weather (WW),rand_evnt_car_snow,rand_evnt_snow
Winter Weather (WW),rand_evnt_cncrn_snow,rand_evnt_snow
Winter Weather (WW),rand_evnt_exc_snow,rand_evnt_snow
Winter Weather (WW),rand_evnt_food_snow,rand_evnt_snow
Winter Weather (WW),rand_evnt_imp_dmg_snow,rand_evnt_snow
Winter Weather (WW),rand_evnt_imp_harm_othr_snow,rand_evnt_snow
Winter Weather (WW),rand_evnt_imp_harm_you_snow,rand_evnt_snow
Winter Weather (WW),rand_evnt_imp_pwr_snow,rand_evnt_snow
Winter Weather (WW),rand_evnt_imp_road_snow,rand_evnt_snow
Winter Weather (WW),rand_evnt_imp_sch_snow,rand_evnt_snow
Winter Weather (WW),rand_evnt_imp_vis_snow,rand_evnt_snow
Winter Weather (WW),rand_evnt_imp_wrk_snow,rand_evnt_snow
Winter Weather (WW),rand_evnt_imp_wtr_snow,rand_evnt_snow
Winter Weather (WW),rand_evnt_noth_snow,rand_evnt_snow
Winter Weather (WW),rand_evnt_othr_snow,rand_evnt_snow
Winter Weather (WW),rand_evnt_supp_snow,rand_evnt_snow
Winter Weather (WW),rand_evnt_svr_dmg_snow,rand_evnt_snow
Winter Weather (WW),rand_evnt_svr_harm_othr_snow,rand_evnt_snow
Winter Weather (WW),rand_evnt_svr_harm_you_snow,rand_evnt_snow
Winter Weather (WW),rand_evnt_svr_pwr_snow,rand_evnt_snow
Winter Weather (WW),rand_evnt_svr_road_snow,rand_evnt_snow
Winter Weather (WW),rand_evnt_svr_sch_snow,rand_evnt_snow
Winter Weather (WW),rand_evnt_svr_vis_snow,rand_evnt_snow
Winter Weather (WW),rand_evnt_svr_wrk_snow,rand_evnt_snow
Winter Weather (WW),rand_evnt_svr_wtr_snow,rand_evnt_snow
Winter Weather (WW),rand_evnt_trav_snow,rand_evnt_snow
Severe Weather (WX),tor_em_seek_shelt,tor_em_rare
Severe Weather (WX),tor_em_shelt_type,tor_em_rare
Severe Weather (WX),tom_warn_trust,lead_time
Severe Weather (WX),tom_warn_conf,lead_time
Severe Weather (WX),tom_day1_trust,add_time
Severe Weather (WX),tom_day1_conf,add_time
Severe Weather (WX),short_torhit_resp_confidence,short_torhit_time
Severe Weather (WX),short_torhit_resp_protect,short_torhit_time
Severe Weather (WX),long_torhit_resp_confidence,long_torhit_time
Severe Weather (WX),long_torhit_resp_protect,long_torhit_time
Winter Weather (WW),range_decide,range_max
Winter Weather (WW),fcst_conf_acc,fcst_conf
Winter Weather (WW),fcst_conf_trust,fcst_conf
Winter Weather (WW),fcst_conf_inform,fcst_conf
Winter Weather (WW),fcst_conf_value,fcst_conf
Winter Weather (WW),exp1_chal,exp1_cond_rand
Winter Weather (WW),exp1_conf_fcst,exp1_cond_rand
Winter Weather (WW),exp1_use,exp1_cond_rand
Winter Weather (WW),exp1_conf_me,exp1_cond_rand
Winter Weather (WW),exp2_conf_fcst,exp2_cond_rand
Winter Weather (WW),exp2_conf_me,exp2_cond_rand
Winter Weather (WW),exp1_1_resp,exp1_cond_tue
Winter Weather (WW),exp1_2_resp,exp1_cond_wed
Winter Weather (WW),exp2_1_resp,exp2_cond_tue
Winter Weather (WW),exp2_2_resp,exp2_cond_wed
Winter Weather (WW),rand_evnt_cncrn,rand_evnt
Winter Weather (WW),rand_evnt_exc,rand_evnt
Winter Weather (WW),rand_evnt_trav,rand_evnt
Winter Weather (WW),rand_evnt_car,rand_evnt
Winter Weather (WW),rand_evnt_food,rand_evnt
Winter Weather (WW),rand_evnt_supp,rand_evnt
Winter Weather (WW),rand_evnt_noth,rand_evnt
Winter Weather (WW),rand_evnt_othr,rand_evnt
Winter Weather (WW),rand_evnt_imp_sch,rand_evnt
Winter Weather (WW),rand_evnt_imp_wrk,rand_evnt
Winter Weather (WW),rand_evnt_imp_road,rand_evnt
Winter Weather (WW),rand_evnt_imp_vis,rand_evnt
Winter Weather (WW),rand_evnt_imp_pwr,rand_evnt
Winter Weather (WW),rand_evnt_imp_wtr,rand_evnt
Winter Weather (WW),rand_evnt_imp_dmg,rand_evnt
Winter Weather (WW),rand_evnt_imp_harm_you,rand_evnt
Winter Weather (WW),rand_evnt_imp_harm_othr,rand_evnt
Winter Weather (WW),rank_evnt_imp_sch,rand_evnt
Winter Weather (WW),rank_evnt_imp_wrk,rand_evnt
Winter Weather (WW),rank_evnt_imp_road,rand_evnt
Winter Weather (WW),rank_evnt_imp_vis,rand_evnt
Winter Weather (WW),rank_evnt_imp_pwr,rand_evnt
Winter Weather (WW),rank_evnt_imp_wtr,rand_evnt
Winter Weather (WW),rank_evnt_imp_dmg,rand_evnt
Flooding (FL),adopt_indiv_down_disc,rand_prog
Flooding (FL),adopt_indiv_ext_tree,rand_prog
Flooding (FL),adopt_indiv_depav,rand_prog
Flooding (FL),adopt_indiv_perm_pav,rand_prog
Flooding (FL),adopt_indiv_storm_pond,rand_prog
Flooding (FL),adopt_indiv_biosw,rand_prog
Flooding (FL),adopt_indiv_rain_garden,rand_prog
Flooding (FL),adopt_indiv_zero_scap,rand_prog
Flooding (FL),adopt_munc_gr_roof,rand_prog
Flooding (FL),adopt_munc_down_disc,rand_prog
Flooding (FL),adopt_munc_ext_tree,rand_prog
Flooding (FL),adopt_munc_depav,rand_prog
Flooding (FL),adopt_munc_perm_pav,rand_prog
Flooding (FL),adopt_munc_storm_pond,rand_prog
Flooding (FL),adopt_munc_biosw,rand_prog
Flooding (FL),adopt_munc_rain_garden,rand_prog
Flooding (FL),adopt_munc_zero_scap,rand_prog
Winter Weather (WW),exp2_chal,exp2_cond_rand
Winter Weather (WW),exp2_use,exp2_cond_rand
Tropical Cyclone (TC),amount_format,amount_format_rand1
Winter Weather (WW),amount_format,amount_format_rand1
