order,topic,definition,deciding_rule,measure_construct
1,Getting weather information,"Where and how people get weather information: the sources they rely on, the channels that reach them, whether alerts reach them, and how closely they follow the weather.","The question asks where information comes from, how it arrives, how often, or whether it arrived. If it asks how much the source is believed, it is Trust. Questions about a particular warning the respondent received - when and where it reached them, whether it came as soon as it was issued, whether it was for their area, whether the hazard followed - are Getting weather information; what they did about it is Protective actions.",RECEP
2,Forecast and warning products,"What people think of specific forecasts, watches, warnings, outlooks and graphics, and how they prefer forecasts to be presented.","The question asks for an opinion or preference about a named product or how it is presented: useful, clear, preferred format, numbers or words, whether they have seen or heard of it. If it asks what the product means, it is Understanding; if it asks how the respondent would feel on getting it, it is Reactions.",
3,Reactions to forecasts and warnings,"How people feel, and how concerned they would be, on getting a forecast or warning, usually one shown to them in the survey.","The question asks how concerned, worried, excited or otherwise the respondent would feel about a forecast, warning or message they are shown or asked to imagine receiving. Worry about hazards in general, with no forecast in hand, is Risk perceptions.",
4,Understanding weather and warnings,"Whether people understand weather hazards, forecasts and warnings: what a forecast or warning means, how well they say they understand it, and what they know about the hazards themselves, including reading probabilities and numbers.","The question asks what something means, how well the respondent understands it, or has a right answer, whether about a product or about the hazard itself. Judging the risk a forecast implies for a hypothetical place or for average people is Understanding.",SUBJ_COMP
5,Trust,"How much people trust forecasts, forecasters, and the organizations and people who pass weather information on.","The question asks how much something is believed, trusted, relied on as accurate, or seen as credible.",
6,Risk perceptions,How likely and how serious people judge weather hazards to be where they live.,"The question asks how likely, how often, how dangerous or how worrying a hazard is, for the respondent or their area, including hazards rated for comparison. Feelings on getting a forecast or warning are Reactions; the risk a forecast implies for others is Understanding.",RISK
7,Protective actions,"What people do, or say they would do, when a warning is issued: sheltering, evacuating, and other responses.","The question asks what the respondent did or would do in response to a forecast, watch, warning or imminent event.",RESP
8,"Preparedness, mitigation, and recovery","Steps taken before an event, such as plans, supplies, protecting a home, insurance and moving away from hazards, and recovering after one, including views on recovery assistance and insurance policy.","The question asks about action taken or considered well ahead of any specific warning, or about recovery after an event, including how recovery is funded.",
9,Past experiences,Weather events people have lived through and what happened to them.,"The question asks whether or how the respondent was affected by a past event. If it asks what they did during it, it is Protective actions. Details of a past warning the respondent received are Getting weather information.",
10,Background,"Who respondents are: demographics, household, location, health and similar items. The site does not show these.",The question is about the respondent rather than about weather.,
