measure,hazard,variable,question_intro,question_text,response_options,reverse_coded,n_intros
TO_RECEP,Severe Weather (WX),rec_all,Please tell us how strongly you agree with the following statements about tornado WARNINGS:,I receive all tornado warnings that are issued for my area.,1 = Strongly disagree | 2 = Disagree | 3 = Neither disagree nor agree | 4 = Agree | 5 = Strongly agree,FALSE,1
TO_RECEP,Severe Weather (WX),rec_soon,Please tell us how strongly you agree with the following statements about tornado WARNINGS:,I receive tornado warnings as soon as they are issued for my area.,1 = Strongly disagree | 2 = Disagree | 3 = Neither disagree nor agree | 4 = Agree | 5 = Strongly agree,FALSE,1
TO_RECEP,Severe Weather (WX),rec_miss,Please tell us how strongly you agree with the following statements about tornado WARNINGS:,Sometimes I miss tornado warnings that are issued for my area.,1 = Strongly disagree | 2 = Disagree | 3 = Neither disagree nor agree | 4 = Agree | 5 = Strongly agree,TRUE,1
TO_RECEP,Severe Weather (WX),rec_area,Please tell us how strongly you agree with the following statements about tornado WARNINGS:,Sometimes I am not sure if a tornado warning is for my area or a different area.,1 = Strongly disagree | 2 = Disagree | 3 = Neither disagree nor agree | 4 = Agree | 5 = Strongly agree,TRUE,1
TO_RECEP,Severe Weather (WX),rec_time,Please tell us how strongly you agree with the following statements about tornado WARNINGS:,Sometimes I am not sure what time tornado warnings begin and end for my area.,1 = Strongly disagree | 2 = Disagree | 3 = Neither disagree nor agree | 4 = Agree | 5 = Strongly agree,TRUE,1
HU_RECEP,Tropical Cyclone (TC),rec_most,Do you agree with the following statements?,I receive pretty much all of the information that is available for my location.,1 = Strongly disagree | 2 = Disagree | 3 = Neither disagree nor agree | 4 = Agree | 5 = Strongly agree,FALSE,1
HU_RECEP,Tropical Cyclone (TC),rec_miss,Do you agree with the following statements?,Sometimes I miss information that is available for my location.,1 = Strongly disagree | 2 = Disagree | 3 = Neither disagree nor agree | 4 = Agree | 5 = Strongly agree,TRUE,1
HU_RECEP,Tropical Cyclone (TC),rec_time,Do you agree with the following statements?,I receive new information about my location as soon as it is available.,1 = Strongly disagree | 2 = Disagree | 3 = Neither disagree nor agree | 4 = Agree | 5 = Strongly agree,FALSE,1
HU_RECEP,Tropical Cyclone (TC),rec_screen,Do you agree with the following statements?,"Sometimes there is too much information, I get some but not all of it.",1 = Strongly disagree | 2 = Disagree | 3 = Neither disagree nor agree | 4 = Agree | 5 = Strongly agree,TRUE,1
WW_RECEP,Winter Weather (WW),rec_most,How much do you agree or disagree with the following statements?,I receive pretty much all of the information that is available for my location.,1 = Strongly disagree | 2 = Disagree | 3 = Neither disagree nor agree | 4 = Agree | 5 = Strongly agree,FALSE,1
WW_RECEP,Winter Weather (WW),rec_miss,How much do you agree or disagree with the following statements?,Sometimes I miss information that is available for my location.,1 = Strongly disagree | 2 = Disagree | 3 = Neither disagree nor agree | 4 = Agree | 5 = Strongly agree,TRUE,1
WW_RECEP,Winter Weather (WW),rec_time,How much do you agree or disagree with the following statements?,I receive new information about my location as soon as it is available.,1 = Strongly disagree | 2 = Disagree | 3 = Neither disagree nor agree | 4 = Agree | 5 = Strongly agree,FALSE,1
WW_RECEP,Winter Weather (WW),rec_screen,How much do you agree or disagree with the following statements?,"Sometimes there is too much information, I get some but not all of it.",1 = Strongly disagree | 2 = Disagree | 3 = Neither disagree nor agree | 4 = Agree | 5 = Strongly agree,TRUE,1
FL_RECEP,Flooding (FL),rec_most_fl,How much do you agree with the following statements?,I receive pretty much all of the information that I need for my location.,1 = Strongly disagree | 2 = Disagree | 3 = Neither disagree nor agree | 4 = Agree | 5 = Strongly agree,FALSE,1
FL_RECEP,Flooding (FL),rec_miss_fl,How much do you agree with the following statements?,Sometimes I miss information that I need for my location.,1 = Strongly disagree | 2 = Disagree | 3 = Neither disagree nor agree | 4 = Agree | 5 = Strongly agree,TRUE,1
FL_RECEP,Flooding (FL),rec_time,How much do you agree with the following statements?,I receive new information about my location as soon as it is available.,1 = Strongly disagree | 2 = Disagree | 3 = Neither disagree nor agree | 4 = Agree | 5 = Strongly agree,FALSE,1
TO_SUBJ_COMP,Severe Weather (WX),alert_und,"Now we have some questions about the National Weather Service (NWS), an agency of the United States government that issues weather forecasts and different kinds of alerts to the public about hazardous weather, including severe weather watches and warnings.","In general, do you understand the difference between watches and warnings?",1 = Definitely no | 2 = Probably no | 3 = Not sure | 4 = Probably yes | 5 = Definitely yes,FALSE,1
TO_SUBJ_COMP,Severe Weather (WX),tor_watchwarn_und,NA,How would you rate your understanding of tornado watches and warnings?,1 = Poor | 2 = Fair | 3 = Good | 4 = Very good | 5 = Excellent,FALSE,1
TO_SUBJ_COMP,Severe Weather (WX),tor_map_und,NA,"Forecasters, websites, and phone applications often use maps to display tornado watches and warnings. How would you rate your understanding of maps?",1 = Poor | 2 = Fair | 3 = Good | 4 = Very good | 5 = Excellent,FALSE,1
TO_SUBJ_COMP,Severe Weather (WX),tor_radar_und,NA,"Forecasters, websites, and phone applications also use radar images to communicate tornado risk. How would you rate your understanding of radar images?",1 = Poor | 2 = Fair | 3 = Good | 4 = Very good | 5 = Excellent,FALSE,1
TO_SUBJ_COMP,Severe Weather (WX),svr_watchwarn_und,NA,How would you rate your understanding of severe thunderstorm WATCHES and WARNINGS?,1 = Poor | 2 = Fair | 3 = Good | 4 = Very good | 5 = Excellent,FALSE,1
HU_SUBJ_COMP,Tropical Cyclone (TC),alert_und,"The National Weather Service (NWS), an agency of the United States government, issues weather forecasts and different kinds of alerts to the public about hazardous weather, including severe weather watches, warnings, and advisories.","In general, do you understand the difference between watches, warnings, and advisories?",1 = Definitely no | 2 = Probably no | 3 = Not sure | 4 = Probably yes | 5 = Definitely yes,FALSE,1
HU_SUBJ_COMP,Tropical Cyclone (TC),huralerts,"The National Weather Service issues multiple public alerts during hurricanes, including storm surge watches and warnings, hurricane watches and warnings, and tropical storm watches and warnings.",How would you rate your understanding of the differences between these alerts?,1 = Poor | 2 = Fair | 3 = Good | 4 = Very good | 5 = Excellent,FALSE,1
HU_SUBJ_COMP,Tropical Cyclone (TC),hur_map_und,NA,"Forecasters, websites, and phone applications often use maps to display information about hurricane risks. How would you rate your understanding of maps?",1 = Poor | 2 = Fair | 3 = Good | 4 = Very good | 5 = Excellent,FALSE,1
HU_SUBJ_COMP,Tropical Cyclone (TC),tor_watchwarn_und,"In addition to tropical storm, hurricane, and storm surge watches and warnings, the National Weather Service often issues alerts for tornadoes and rainfall-induced flooding during tropical cyclone events.",How would you rate your understanding of tornado watches and warnings?,1 = Poor | 2 = Fair | 3 = Good | 4 = Very good | 5 = Excellent,FALSE,1
HU_SUBJ_COMP,Tropical Cyclone (TC),flood_watchwarn_und,"In addition to tropical storm, hurricane, and storm surge watches and warnings, the National Weather Service often issues alerts for tornadoes and rainfall-induced flooding during tropical cyclone events.",How would you rate your understanding of rainfall-induced flood or flash flood watches and warnings?,1 = Poor | 2 = Fair | 3 = Good | 4 = Very good | 5 = Excellent,FALSE,1
HU_SUBJ_COMP,Tropical Cyclone (TC),flood_srg_und,NA,"For some people, it is difficult to explain the difference between flooding and storm surge. How would you rate your understanding of the difference between the two hazards?",1 = Poor | 2 = Fair | 3 = Good | 4 = Very good | 5 = Excellent,FALSE,1
WW_SUBJ_COMP,Winter Weather (WW),wwalerts,"The National Weather Service (NWS), an agency of the United States government, issues different kinds of public alerts when winter weather threatens, including winter weather advisories, watches, and warnings.",How would you rate your understanding of the differences among these alerts?,1 = Poor | 2 = Fair | 3 = Good | 4 = Very good | 5 = Excellent,FALSE,1
WW_SUBJ_COMP,Winter Weather (WW),ice_warn_und,"In addition to winter weather advisories, watches, and warnings, the National Weather Service issues alerts for a variety of other winter weather hazards.",How would you rate your understanding of ice storm warnings?,1 = Poor | 2 = Fair | 3 = Good | 4 = Very good | 5 = Excellent,FALSE,1
WW_SUBJ_COMP,Winter Weather (WW),bliz_warn_und,"In addition to winter weather advisories, watches, and warnings, the National Weather Service issues alerts for a variety of other winter weather hazards.",How would you rate your understanding of blizzard warnings?,1 = Poor | 2 = Fair | 3 = Good | 4 = Very good | 5 = Excellent,FALSE,1
WW_SUBJ_COMP,Winter Weather (WW),cold_warn_und,"In addition to winter weather advisories, watches, and warnings, the National Weather Service issues alerts for a variety of other winter weather hazards.",How would you rate your understanding of wind chill warnings?,1 = Poor | 2 = Fair | 3 = Good | 4 = Very good | 5 = Excellent,FALSE,1
WW_SUBJ_COMP,Winter Weather (WW),squall_warn_und,"Recently, the National Weather Service began issuing snow squall warnings.",How would you rate your understanding of snow squall warnings?,1 = Poor | 2 = Fair | 3 = Good | 4 = Very good | 5 = Excellent,FALSE,1
FL_SUBJ_COMP,Flooding (FL),alert_und,"The National Weather Service (NWS), an agency of the United States government, issues weather forecasts and different kinds of alerts to the public about hazardous weather, including severe weather watches, warnings, and advisories.","In general, do you understand the difference between watches, warnings, and advisories?",1 = Definitely no | 2 = Probably no | 3 = Not sure | 4 = Probably yes | 5 = Definitely yes,FALSE,1
FL_SUBJ_COMP,Flooding (FL),flood_wwa_und,The National Weather Service issues multiple public alerts during floods depending on what type of flooding is occurring. We want to know how you interpret these different types of alerts.,How would you rate your understanding of flood WATCHES and WARNINGS?,1 = Poor | 2 = Fair | 3 = Good | 4 = Very good | 5 = Excellent,FALSE,1
FL_SUBJ_COMP,Flooding (FL),flash_wwa_und,The National Weather Service issues multiple public alerts during floods depending on what type of flooding is occurring. We want to know how you interpret these different types of alerts.,How would you rate your understanding of flash flood WATCHES and WARNINGS?,1 = Poor | 2 = Fair | 3 = Good | 4 = Very good | 5 = Excellent,FALSE,1
FL_SUBJ_COMP,Flooding (FL),flood_srg_und,NA,"For some people, it is difficult to explain the difference between flooding and storm surge. How would you rate your understanding of the difference between the two hazards?",1 = Poor | 2 = Fair | 3 = Good | 4 = Very good | 5 = Excellent,FALSE,1
FL_SUBJ_COMP,Flooding (FL),flood_map_und,"Forecasters, websites, and phone applications often use maps to display information about flood risks.",How would you rate your understanding of maps?,1 = Poor | 2 = Fair | 3 = Good | 4 = Very good | 5 = Excellent,FALSE,1
TO_RESP,Severe Weather (WX),resp_ignore,"Please tell us how strongly you agree with the following statements about tornado WARNINGS. If you have never received a tornado WARNING, please tell us how you think you will respond if you receive a WARNING in the future.",Sometimes I ignore tornado warnings that are issued for my area.,1 = Strongly disagree | 2 = Disagree | 3 = Neither disagree nor agree | 4 = Agree | 5 = Strongly agree,TRUE,1
TO_RESP,Severe Weather (WX),resp_prot,"Please tell us how strongly you agree with the following statements about tornado WARNINGS. If you have never received a tornado WARNING, please tell us how you think you will respond if you receive a WARNING in the future.",I always take protective action when tornado warnings are issued for my area.,1 = Strongly disagree | 2 = Disagree | 3 = Neither disagree nor agree | 4 = Agree | 5 = Strongly agree,FALSE,1
TO_RESP,Severe Weather (WX),resp_busy,"Please tell us how strongly you agree with the following statements about tornado WARNINGS. If you have never received a tornado WARNING, please tell us how you think you will respond if you receive a WARNING in the future.",Sometimes I am too busy to take protective action when tornado warnings are issued for my area.,1 = Strongly disagree | 2 = Disagree | 3 = Neither disagree nor agree | 4 = Agree | 5 = Strongly agree,TRUE,1
TO_RESP,Severe Weather (WX),resp_unsure,"Please tell us how strongly you agree with the following statements about tornado WARNINGS. If you have never received a tornado WARNING, please tell us how you think you will respond if you receive a WARNING in the future.",I am not sure what to do when tornado warnings are issued for my area.,1 = Strongly disagree | 2 = Disagree | 3 = Neither disagree nor agree | 4 = Agree | 5 = Strongly agree,TRUE,1
HU_RESP,Tropical Cyclone (TC),resp_ignore,Do you agree with the following statements?,Sometimes I ignore information and take my chances.,1 = Strongly disagree | 2 = Disagree | 3 = Neither disagree nor agree | 4 = Agree | 5 = Strongly agree,TRUE,1
HU_RESP,Tropical Cyclone (TC),resp_usually,Do you agree with the following statements?,"I usually take protective action, but not always.",1 = Strongly disagree | 2 = Disagree | 3 = Neither disagree nor agree | 4 = Agree | 5 = Strongly agree,TRUE,1
HU_RESP,Tropical Cyclone (TC),resp_more,Do you agree with the following statements?,"I usually take some type of protective action, but not the most difficult actions.",1 = Strongly disagree | 2 = Disagree | 3 = Neither disagree nor agree | 4 = Agree | 5 = Strongly agree,TRUE,1
WW_RESP,Winter Weather (WW),resp_ignore,How much do you agree or disagree with the following statements?,Usually I ignore winter weather forecasts and take my chances.,1 = Strongly disagree | 2 = Disagree | 3 = Neither disagree nor agree | 4 = Agree | 5 = Strongly agree,TRUE,1
WW_RESP,Winter Weather (WW),resp_always,How much do you agree or disagree with the following statements?,I usually take the preparatory or protective actions.,1 = Strongly disagree | 2 = Disagree | 3 = Neither disagree nor agree | 4 = Agree | 5 = Strongly agree,FALSE,1
WW_RESP,Winter Weather (WW),resp_more,How much do you agree or disagree with the following statements?,I am usually too busy or unable to take preparatory or protective actions.,1 = Strongly disagree | 2 = Disagree | 3 = Neither disagree nor agree | 4 = Agree | 5 = Strongly agree,TRUE,1
FL_RESP,Flooding (FL),resp_ignore_fl,How much do you agree with the following statements?,Sometimes I see information that says I could be at risk and decide to take my chances.,1 = Strongly disagree | 2 = Disagree | 3 = Neither disagree nor agree | 4 = Agree | 5 = Strongly agree,TRUE,1
FL_RESP,Flooding (FL),resp_always_fl,How much do you agree with the following statements?,"I almost always take the protective actions that officials suggest, even if the actions are difficult (e.g., costly or time consuming).",1 = Strongly disagree | 2 = Disagree | 3 = Neither disagree nor agree | 4 = Agree | 5 = Strongly agree,FALSE,1
FL_RESP,Flooding (FL),resp_know_fl,How much do you agree with the following statements?,Sometimes I am not sure what to do or what protective actions to take.,1 = Strongly disagree | 2 = Disagree | 3 = Neither disagree nor agree | 4 = Agree | 5 = Strongly agree,TRUE,1
RISK_HUR,NA,risk_hur,"Thinking about all four seasons (winter, summer, spring, and fall), how do you rate the risk of the following extreme weather events to you and the people in your area?",Hurricanes,1 = No risk | 2 = Low risk | 3 = Moderate risk | 4 = High risk | 5 = Extreme risk,FALSE,3
RISK_DROUGHT,NA,risk_drought,"Thinking about all four seasons (winter, summer, spring, and fall), how do you rate the risk of the following extreme weather events to you and the people in your area?",Drought,1 = No risk | 2 = Low risk | 3 = Moderate risk | 4 = High risk | 5 = Extreme risk,FALSE,3
RISK_FLOOD,NA,risk_flood,"Thinking about all four seasons (winter, summer, spring, and fall), how do you rate the risk of the following extreme weather events to you and the people in your area?",Floods,1 = No risk | 2 = Low risk | 3 = Moderate risk | 4 = High risk | 5 = Extreme risk,FALSE,3
RISK_FIRE,NA,risk_fire,"Thinking about all four seasons (winter, summer, spring, and fall), how do you rate the risk of the following extreme weather events to you and the people in your area?",Wildfires,1 = No risk | 2 = Low risk | 3 = Moderate risk | 4 = High risk | 5 = Extreme risk,FALSE,3
RISK_HEAT,NA,risk_heat,"Thinking about all four seasons (winter, summer, spring, and fall), how do you rate the risk of the following extreme weather events to you and the people in your area?",Extreme heat,1 = No risk | 2 = Low risk | 3 = Moderate risk | 4 = High risk | 5 = Extreme risk,FALSE,3
RISK_SNOW,NA,risk_snow,"Thinking about all four seasons (winter, summer, spring, and fall), how do you rate the risk of the following extreme weather events to you and the people in your area?",Snow,1 = No risk | 2 = Low risk | 3 = Moderate risk | 4 = High risk | 5 = Extreme risk,FALSE,3
RISK_HAIL,NA,risk_hail,"Thinking about all four seasons (winter, summer, spring, and fall), how do you rate the risk of the following extreme weather events to you and the people in your area?",Hail,1 = No risk | 2 = Low risk | 3 = Moderate risk | 4 = High risk | 5 = Extreme risk,FALSE,3
RISK_TOR,NA,risk_tor,"Thinking about all four seasons (winter, summer, spring, and fall), how do you rate the risk of the following extreme weather events to you and the people in your area?",Tornadoes,1 = No risk | 2 = Low risk | 3 = Moderate risk | 4 = High risk | 5 = Extreme risk,FALSE,3
RISK_ICE,NA,risk_ice,"Thinking about all four seasons (winter, summer, spring, and fall), how do you rate the risk of the following extreme weather events to you and the people in your area?",Ice or freezing rain,1 = No risk | 2 = Low risk | 3 = Moderate risk | 4 = High risk | 5 = Extreme risk,FALSE,3
RISK_LIGNT,NA,risk_lignt,"Thinking about all four seasons (winter, summer, spring, and fall), how do you rate the risk of the following extreme weather events to you and the people in your area?",Lightning,1 = No risk | 2 = Low risk | 3 = Moderate risk | 4 = High risk | 5 = Extreme risk,FALSE,3
RISK_SURGE,NA,risk_surge,"Thinking about all four seasons (winter, summer, spring, and fall), how do you rate the risk of the following extreme weather events to you and the people in your area?",Storm surge,1 = No risk | 2 = Low risk | 3 = Moderate risk | 4 = High risk | 5 = Extreme risk,FALSE,3
RISK_COLD,NA,risk_cold,"Thinking about all four seasons (winter, summer, spring, and fall), how do you rate the risk of the following extreme weather events to you and the people in your area?",Extreme cold,1 = No risk | 2 = Low risk | 3 = Moderate risk | 4 = High risk | 5 = Extreme risk,FALSE,3
